{
  "architecture": "CattleWeight_EfficientNetV2B0",
  "backbone_weights": "imagenet",
  "split_method": "GroupShuffleSplit 70/15/15 by animal_id",
  "seed": 42,
  "image_size": 224,
  "batch_size": 16,
  "train_images": 13468,
  "validation_images": 3041,
  "test_images": 2928,
  "train_animals": 1071,
  "validation_animals": 229,
  "test_animals": 230,
  "weight_mean": 164.09555984555985,
  "weight_std": 43.67086305172013,
  "weight_min_train": 50.0,
  "weight_max_train": 621.0,
  "mae_kg": 25.675472449735214,
  "rmse_kg": 34.51495253499795,
  "r2": 0.21462041475414217,
  "mape_percent": 17.344304304092088,
  "within_20kg_percent": 49.795081967213115,
  "within_10_percent": 40.7103825136612
}